{
    "BTC": {
        "market_id": 200,
        "market_name": "BTC",
        "skew": 0.03288454236421966,
        "size": 0.033084542364219656,
        "max_open_interest": 22.0,
        "current_funding_rate": 0.00189896993641418,
        "current_funding_velocity": 2.959608812778e-06,
        "index_price": 66873.47749938
    },
    "ETH": {
        "market_id": 100,
        "market_name": "ETH",
        "skew": 2.2950385150560786,
        "size": 19.95903851505608,
        "max_open_interest": 385.0,
        "current_funding_rate": 0.003781825544394101,
        "current_funding_velocity": 2.0655346635504e-05,
        "index_price": 3852.69
    }
}